Error,ActionRecommended
Invalid character,Check the character
Invalid password format,Reset password using required criteria
Password too short,Use a longer password
Missing required field,Fill in all mandatory fields
Invalid email address,Enter a valid email format
Username not found,Verify username or register
Account locked,Wait or unlock via verification
Session expired,Log in again
Access denied,Check permissions
File upload failed,Retry uploading the file
Unsupported file type,Upload a supported format
File too large,Reduce file size
Network timeout,Check internet and retry
Server unavailable,Try again later
Invalid date format,Use correct date pattern
Start date after end date,Correct the date range
Duplicate entry detected,Remove duplicate data
Payment declined,Use another payment method
Card expired,Update card details
Insufficient balance,Add funds to account
Invalid CVV,Enter correct CVV
Billing address mismatch,Verify billing address
Coupon invalid,Enter valid coupon code
Coupon expired,Use an active coupon
Item out of stock,Select alternative item
Quantity exceeds limit,Reduce quantity
Invalid search query,Refine search terms
No results found,Try different keywords
Location not detected,Enable location services
GPS disabled,Turn on GPS
Camera permission denied,Allow camera access
Microphone blocked,Enable microphone permission
App outdated,Update application
Feature not supported,Use supported feature
Invalid API key,Provide valid API key
Rate limit exceeded,Retry after some time
Data parsing error,Validate input format
Database connection lost,Retry connection
Record not found,Check record ID
Operation timed out,Retry operation
Conflict detected,Refresh and resubmit
Unauthorized request,Authenticate again
Token expired,Login to refresh token
Invalid input value,Correct highlighted field
Null value encountered,Provide missing value
Unexpected error occurred,Retry or contact support
Memory limit exceeded,Reduce data size
Disk full,Free storage space
Permission denied for file,Check file permissions
Path not found,Verify file path
Invalid configuration,Correct configuration settings
Service not running,Start the service
Port already in use,Use different port
SSL certificate invalid,Update certificate
Connection refused,Check server status
Broken link detected,Update URL
Malformed request,Fix request structure
Unsupported operation,Use allowed operation
Dependency missing,Install required dependency
Version mismatch,Update to compatible version
Syntax error in input,Correct syntax
Illegal operation attempted,Use valid operation
Resource busy,Retry later
Read error,Retry reading data
Write error,Retry writing data
Corrupted file detected,Upload valid file
Invalid JSON format,Fix JSON structure
XML parsing failed,Correct XML format
Encoding error,Use supported encoding
Invalid numeric value,Enter valid number
Divide by zero,Provide non zero divisor
Overflow error,Reduce input size
Underflow error,Adjust input values
Index out of range,Check index bounds
Key not found,Verify key name
Duplicate key error,Use unique key
Timeout while waiting,Retry request
Authentication failed,Check credentials
Authorization failed,Verify access rights
Invalid session token,Login again
Too many requests,Slow down requests
Service temporarily down,Try later
Maintenance in progress,Wait until maintenance ends
Invalid URL,Enter valid URL
Host unreachable,Check network connectivity
DNS lookup failed,Verify domain name
Protocol error,Use correct protocol
Handshake failed,Retry secure connection
Compression error,Disable compression or retry
Decompression failed,Check compressed file
Cache miss,Reload data
Cache corrupted,Clear cache
Invalid state detected,Reset application state
Initialization failed,Restart system
Shutdown in progress,Wait until complete
Background task failed,Retry task
Queue full,Retry later
Message format invalid,Correct message structure
Notification delivery failed,Retry sending
Invalid header,Fix header values
Missing parameter,Provide required parameter
Parameter out of range,Adjust parameter value
Type mismatch,Use correct data type
Conversion failed,Check conversion rules
Parsing exception,Validate input
Unsupported encoding,Use UTF 8 or supported encoding
Language not supported,Choose supported language
Timezone invalid,Select valid timezone
Currency not supported,Use supported currency
Exchange rate unavailable,Retry later
Map data not loaded,Reload map data
Route not found,Enter valid route
Device not connected,Check device connection
Bluetooth disabled,Enable Bluetooth
WiFi disconnected,Reconnect WiFi
Low battery,Charge device
Hardware failure detected,Contact support
Sensor error,Restart device
Calibration required,Calibrate device
Printer not found,Check printer connection
Paper jam detected,Clear paper jam
Ink low,Replace ink cartridge
Scan failed,Retry scanning
Audio device not found,Check audio settings
Video device error,Restart camera device
Display not detected,Reconnect display
Driver missing,Install drivers
Driver outdated,Update driver
System overload,Reduce workload
Process crashed,Restart process
Thread deadlock detected,Restart application
Security violation,Review security settings
Malware detected,Run antivirus scan
Firewall blocked request,Allow through firewall
Policy restriction applied,Contact administrator
Data validation failed,Correct input data
Business rule violation,Adjust data to rules
Duplicate transaction,Cancel duplicate
Transaction not permitted,Check account permissions
Account suspended,Contact support
Limit exceeded,Wait or increase limit
Invalid beneficiary details,Verify details
Transfer failed,Retry transfer
Settlement pending,Wait for completion
Report generation failed,Retry report
Export failed,Retry export
Import failed,Check file and retry
Backup failed,Retry backup
Restore failed,Verify backup file
Log file missing,Enable logging
Audit trail error,Check audit configuration
Monitoring agent offline,Restart agent
Alert threshold exceeded,Investigate issue
Configuration locked,Unlock settings
License expired,Renew license
License invalid,Enter valid license
Subscription inactive,Activate subscription
Feature disabled by admin,Contact administrator
User already exists,Use different username
Group not found,Verify group name
Role assignment failed,Retry assignment
Password reuse not allowed,Choose new password
Password complexity not met,Use stronger password
Security questions not set,Configure security questions
Profile incomplete,Complete profile details
Avatar upload failed,Retry upload
Theme load failed,Reset theme
Plugin error,Disable or update plugin
Extension conflict detected,Disable conflicting extension
Module not initialized,Initialize module
Service dependency failed,Restart dependencies
Cluster node unreachable,Check node status
Replication lag detected,Wait for sync
Data inconsistency found,Run reconciliation
Schema mismatch,Update schema
Migration failed,Review migration logs
Rollback required,Initiate rollback
Checkpoint not reached,Retry process
Workflow failed,Restart workflow
Approval pending,Wait for approval
Task assignment failed,Reassign task
Schedule conflict,Choose different time
Reminder not sent,Check notification settings
Calendar sync failed,Retry sync
Contact not found,Verify contact details
Message not delivered,Retry sending
Attachment missing,Add attachment
Draft not saved,Save again
Auto save failed,Save manually
Preview not available,Download file to view
Unsupported browser,Use supported browser
Script execution error,Check script
Page not found,Verify URL
Form submission failed,Retry submission
CSRF token missing,Refresh page and retry
Cross origin blocked,Adjust CORS settings
Iframe blocked,Allow embedding
Cookie disabled,Enable cookies
Local storage unavailable,Enable storage access
Session storage full,Clear storage
History unavailable,Reload application
Bookmark failed,Retry bookmarking
Download interrupted,Retry download
Upload interrupted,Retry upload
Streaming error,Restart stream
Playback failed,Check media file
Codec not supported,Install required codec
Subtitle missing,Add subtitle file
Language pack missing,Install language pack
Voice recognition failed,Retry speaking clearly
Text to speech error,Restart feature
AI model unavailable,Try later
Prediction failed,Provide valid input
Training data insufficient,Add more data
Model convergence failed,Tune parameters
Inference timeout,Retry prediction
Evaluation failed,Check dataset
Visualization error,Reload chart
Dashboard not loading,Refresh dashboard
Widget failed to render,Reload widget
API response invalid,Validate API output
Webhook delivery failed,Retry webhook
Event processing failed,Retry event
Pipeline broken,Fix pipeline steps
Build failed,Check build logs
Deployment failed,Rollback and retry
Environment not configured,Set environment variables
Container not running,Start container
Orchestration error,Check cluster config
Scaling failed,Adjust scaling rules
Health check failed,Restart service
Heartbeat missing,Check connectivity
Failover unsuccessful,Investigate standby system
Disaster recovery not ready,Prepare DR setup
Compliance check failed,Review compliance rules
Audit failure detected,Investigate logs
Privacy violation risk,Mask sensitive data
Data retention exceeded,Archive old data
Cleanup failed,Retry cleanup
Garbage collection error,Restart system
Unknown error occurred, Contact support